NAICS_TITLE,A_MEAN
Cross-industry,"83,580"
Cross-industry,"95,820"
Cross-industry,"105,510"
Cross-industry,"115,240"
Cross-industry,"115,240"
Cross-industry,"82,160"
Cross-industry,"95,920"
"Cross-industry, private ownership only","83,700"
"Cross-industry, private ownership only","96,570"
"Cross-industry, private ownership only","109,110"
"Cross-industry, private ownership only","116,600"
"Cross-industry, private ownership only","116,600"
"Cross-industry, private ownership only","87,150"
"Cross-industry, private ownership only","103,760"
"Agriculture, Forestry, Fishing and Hunting","89,600"
"Mining, Quarrying, and Oil and Gas Extraction","131,610"
"Mining, Quarrying, and Oil and Gas Extraction","113,620"
"Mining, Quarrying, and Oil and Gas Extraction","116,740"
"Mining, Quarrying, and Oil and Gas Extraction","116,740"
Utilities,"119,740"
Utilities,"113,150"
Utilities,"102,610"
Utilities,"102,610"
Utilities,"65,370"
Utilities,"106,540"
Construction,"86,120"
Construction,"70,820"
Construction,"85,290"
Construction,"85,290"
Wholesale Trade,"88,620"
Wholesale Trade,"90,810"
Wholesale Trade,"116,670"
Wholesale Trade,"111,380"
Wholesale Trade,"111,380"
Wholesale Trade,"113,530"
Information,"89,660"
Information,"101,140"
Information,"105,420"
Information,*
Information,*
Information,"80,500"
Finance and Insurance,"85,160"
Finance and Insurance,"91,040"
Finance and Insurance,"103,930"
Finance and Insurance,"117,720"
Finance and Insurance,"117,720"
Finance and Insurance,"71,540"
Real Estate and Rental and Leasing,"83,230"
Real Estate and Rental and Leasing,"99,410"
Real Estate and Rental and Leasing,"99,410"
"Professional, Scientific, and Technical Services","101,540"
"Professional, Scientific, and Technical Services","105,540"
"Professional, Scientific, and Technical Services","115,850"
"Professional, Scientific, and Technical Services","113,450"
"Professional, Scientific, and Technical Services","113,450"
"Professional, Scientific, and Technical Services","86,390"
"Professional, Scientific, and Technical Services","105,180"
Management of Companies and Enterprises,"88,050"
Management of Companies and Enterprises,"99,730"
Management of Companies and Enterprises,"106,820"
Management of Companies and Enterprises,"113,920"
Management of Companies and Enterprises,"113,920"
Management of Companies and Enterprises,"92,780"
Management of Companies and Enterprises,"107,290"
Administrative and Support and Waste Management and Remediation Services,"68,080"
Administrative and Support and Waste Management and Remediation Services,"72,300"
Administrative and Support and Waste Management and Remediation Services,"93,300"
Administrative and Support and Waste Management and Remediation Services,"97,460"
Administrative and Support and Waste Management and Remediation Services,"97,460"
Administrative and Support and Waste Management and Remediation Services,"87,350"
Administrative and Support and Waste Management and Remediation Services,"76,360"
Educational Services,"65,460"
Educational Services,"81,200"
Educational Services,"83,480"
Educational Services,"84,070"
Educational Services,"84,070"
Educational Services,"74,230"
Educational Services,"69,120"
Health Care and Social Assistance,"63,340"
Health Care and Social Assistance,"77,800"
Health Care and Social Assistance,"90,380"
Health Care and Social Assistance,"89,380"
Health Care and Social Assistance,"89,380"
Health Care and Social Assistance,"78,690"
Health Care and Social Assistance,"95,730"
"Arts, Entertainment, and Recreation","69,940"
"Arts, Entertainment, and Recreation","78,910"
"Arts, Entertainment, and Recreation","85,180"
"Arts, Entertainment, and Recreation","85,180"
"Arts, Entertainment, and Recreation","55,040"
Accommodation and Food Services,"72,030"
Accommodation and Food Services,"84,770"
Accommodation and Food Services,"84,770"
Other Services (except Public Administration),"54,650"
Other Services (except Public Administration),"81,450"
Other Services (except Public Administration),"95,320"
Other Services (except Public Administration),"89,050"
Other Services (except Public Administration),"89,050"
Other Services (except Public Administration),"62,100"
"Federal, State, and Local Government, excluding state and local schools and hospitals and the U.S. Postal Service (OES Designation)","87,220"
"Federal, State, and Local Government, excluding state and local schools and hospitals and the U.S. Postal Service (OES Designation)","95,590"
"Federal, State, and Local Government, excluding state and local schools and hospitals and the U.S. Postal Service (OES Designation)","103,520"
"Federal, State, and Local Government, excluding state and local schools and hospitals and the U.S. Postal Service (OES Designation)","82,840"
"Federal, State, and Local Government, excluding state and local schools and hospitals and the U.S. Postal Service (OES Designation)","82,840"
"Federal, State, and Local Government, excluding state and local schools and hospitals and the U.S. Postal Service (OES Designation)","67,920"
"Federal, State, and Local Government, excluding state and local schools and hospitals and the U.S. Postal Service (OES Designation)","87,000"
Support Activities for Agriculture and Forestry,"89,600"
Oil and Gas Extraction,"141,240"
Oil and Gas Extraction,"115,170"
Oil and Gas Extraction,"130,950"
Oil and Gas Extraction,"130,950"
Oil and Gas Extraction,"141,240"
Oil and Gas Extraction,"115,170"
Oil and Gas Extraction,"130,950"
Oil and Gas Extraction,"130,950"
Support Activities for Mining,"115,710"
Support Activities for Mining,"108,830"
Support Activities for Mining,"108,830"
Support Activities for Mining,"115,710"
Support Activities for Mining,"108,830"
Support Activities for Mining,"108,830"
Utilities,"119,740"
Utilities,"113,150"
Utilities,"102,610"
Utilities,"102,610"
Utilities,"65,370"
Utilities,"106,540"
"Electric Power Generation, Transmission and Distribution","128,900"
"Electric Power Generation, Transmission and Distribution","102,120"
"Electric Power Generation, Transmission and Distribution","93,720"
"Electric Power Generation, Transmission and Distribution","93,720"
"Electric Power Generation, Transmission and Distribution","65,370"
"Electric Power Generation, Transmission and Distribution","89,550"
Fossil Fuel Electric Power Generation,"92,300"
Fossil Fuel Electric Power Generation,"114,820"
Fossil Fuel Electric Power Generation,"114,820"
Nuclear Electric Power Generation,"92,860"
Natural Gas Distribution,"111,560"
Natural Gas Distribution,"128,150"
Natural Gas Distribution,"130,040"
Natural Gas Distribution,"130,040"
Construction of Buildings,"93,310"
Construction of Buildings,"85,940"
Construction of Buildings,"87,070"
Construction of Buildings,"87,070"
Residential Building Construction,"91,920"
Nonresidential Building Construction,"99,810"
Heavy and Civil Engineering Construction,"95,770"
Heavy and Civil Engineering Construction,"69,620"
Heavy and Civil Engineering Construction,"69,620"
Utility System Construction,"84,590"
Utility System Construction,"71,500"
Utility System Construction,"71,500"
Power and Communication Line and Related Structures Construction,"83,520"
Power and Communication Line and Related Structures Construction,"73,850"
Power and Communication Line and Related Structures Construction,"73,850"
Land Subdivision,"102,650"
Specialty Trade Contractors,"68,770"
Specialty Trade Contractors,"57,150"
Specialty Trade Contractors,"94,800"
Specialty Trade Contractors,"94,800"
"Foundation, Structure, and Building Exterior Contractors","74,550"
Building Equipment Contractors,"67,210"
Building Equipment Contractors,"57,150"
Building Equipment Contractors,"99,720"
Building Equipment Contractors,"99,720"
Electrical Contractors and Other Wiring Installation Contractors,"79,200"
Electrical Contractors and Other Wiring Installation Contractors,"55,490"
Electrical Contractors and Other Wiring Installation Contractors,"89,970"
Electrical Contractors and Other Wiring Installation Contractors,"89,970"
"Plumbing, Heating, and Air-Conditioning Contractors","47,100"
Other Building Equipment Contractors,"105,690"
Other Building Equipment Contractors,"105,690"
Food Manufacturing,"83,710"
Food Manufacturing,"87,110"
Food Manufacturing,"83,950"
Food Manufacturing,"83,950"
Grain and Oilseed Milling,"75,350"
Grain and Oilseed Milling,"91,050"
Animal Slaughtering and Processing,"78,920"
Animal Slaughtering and Processing,"78,920"
Bakeries and Tortilla Manufacturing,"54,120"
Bakeries and Tortilla Manufacturing,"54,120"
Other Food Manufacturing,"80,410"
Other Food Manufacturing,"80,410"
Beverage and Tobacco Product Manufacturing,"77,850"
Beverage and Tobacco Product Manufacturing,"83,870"
Beverage and Tobacco Product Manufacturing,"94,780"
Beverage and Tobacco Product Manufacturing,"94,780"
Beverage Manufacturing,"77,850"
Beverage Manufacturing,"85,490"
Beverage Manufacturing,"94,100"
Beverage Manufacturing,"94,100"
Paper Manufacturing,"86,790"
Paper Manufacturing,"112,100"
Paper Manufacturing,"87,840"
Paper Manufacturing,"87,840"
Converted Paper Product Manufacturing,"85,440"
Converted Paper Product Manufacturing,*
Printing and Related Support Activities,"66,030"
Printing and Related Support Activities,"60,300"
Printing and Related Support Activities,*
Printing and Related Support Activities,*
Printing and Related Support Activities,"66,030"
Printing and Related Support Activities,"60,300"
Printing and Related Support Activities,*
Printing and Related Support Activities,*
Petroleum and Coal Products Manufacturing,"104,160"
Petroleum and Coal Products Manufacturing,"128,600"
Petroleum and Coal Products Manufacturing,"104,160"
Petroleum and Coal Products Manufacturing,"128,600"
Chemical Manufacturing,"117,560"
Chemical Manufacturing,"94,920"
Chemical Manufacturing,"160,260"
Chemical Manufacturing,"124,820"
Chemical Manufacturing,"124,820"
Chemical Manufacturing,"110,020"
Pharmaceutical and Medicine Manufacturing,"123,700"
Pharmaceutical and Medicine Manufacturing,"96,000"
Pharmaceutical and Medicine Manufacturing,"162,400"
Pharmaceutical and Medicine Manufacturing,"128,960"
Pharmaceutical and Medicine Manufacturing,"128,960"
Pharmaceutical and Medicine Manufacturing,"110,010"
Plastics and Rubber Products Manufacturing,"73,680"
Plastics and Rubber Products Manufacturing,"101,270"
Plastics and Rubber Products Manufacturing,"71,450"
Plastics and Rubber Products Manufacturing,"71,450"
Plastics Product Manufacturing,"72,460"
Plastics Product Manufacturing,"105,880"
Plastics Product Manufacturing,"70,930"
Plastics Product Manufacturing,"70,930"
Nonmetallic Mineral Product Manufacturing,"95,150"
Nonmetallic Mineral Product Manufacturing,"95,150"
Nonmetallic Mineral Product Manufacturing,"95,150"
Nonmetallic Mineral Product Manufacturing,"95,150"
Primary Metal Manufacturing,"84,480"
Primary Metal Manufacturing,"93,830"
Primary Metal Manufacturing,"93,830"
Fabricated Metal Product Manufacturing,"78,700"
Fabricated Metal Product Manufacturing,"82,550"
Fabricated Metal Product Manufacturing,"85,200"
Fabricated Metal Product Manufacturing,"85,200"
Machinery Manufacturing,"82,660"
Machinery Manufacturing,"108,560"
Machinery Manufacturing,"96,290"
Machinery Manufacturing,"96,290"
Commercial and Service Industry Machinery Manufacturing,"108,880"
Commercial and Service Industry Machinery Manufacturing,"108,880"
Metalworking Machinery Manufacturing,"82,640"
Metalworking Machinery Manufacturing,"82,640"
"Engine, Turbine, and Power Transmission Equipment Manufacturing","86,820"
"Engine, Turbine, and Power Transmission Equipment Manufacturing","121,880"
"Engine, Turbine, and Power Transmission Equipment Manufacturing","104,050"
"Engine, Turbine, and Power Transmission Equipment Manufacturing","104,050"
Computer and Electronic Product Manufacturing,"130,310"
Computer and Electronic Product Manufacturing,"132,630"
Computer and Electronic Product Manufacturing,"123,180"
Computer and Electronic Product Manufacturing,"138,430"
Computer and Electronic Product Manufacturing,"138,430"
Computer and Electronic Product Manufacturing,"235,650"
Computer and Peripheral Equipment Manufacturing,"149,930"
Computer and Peripheral Equipment Manufacturing,"231,150"
Computer and Peripheral Equipment Manufacturing,"158,350"
Computer and Peripheral Equipment Manufacturing,"158,350"
Communications Equipment Manufacturing,"104,070"
Communications Equipment Manufacturing,"115,430"
Communications Equipment Manufacturing,"100,950"
Communications Equipment Manufacturing,"100,950"
Audio and Video Equipment Manufacturing,"106,610"
Semiconductor and Other Electronic Component Manufacturing,"114,790"
Semiconductor and Other Electronic Component Manufacturing,"111,560"
Semiconductor and Other Electronic Component Manufacturing,"96,600"
Semiconductor and Other Electronic Component Manufacturing,"148,270"
Semiconductor and Other Electronic Component Manufacturing,"148,270"
"Navigational, Measuring, Electromedical, and Control Instruments Manufacturing","115,780"
"Navigational, Measuring, Electromedical, and Control Instruments Manufacturing","110,820"
"Navigational, Measuring, Electromedical, and Control Instruments Manufacturing","141,000"
"Navigational, Measuring, Electromedical, and Control Instruments Manufacturing","121,190"
"Navigational, Measuring, Electromedical, and Control Instruments Manufacturing","121,190"
"Navigational, Measuring, Electromedical, and Control Instruments Manufacturing","235,650"
Manufacturing and Reproducing Magnetic and Optical Media,"91,920"
Manufacturing and Reproducing Magnetic and Optical Media,*
Manufacturing and Reproducing Magnetic and Optical Media,*
"Electrical Equipment, Appliance, and Component Manufacturing","85,240"
"Electrical Equipment, Appliance, and Component Manufacturing","95,000"
"Electrical Equipment, Appliance, and Component Manufacturing","86,110"
"Electrical Equipment, Appliance, and Component Manufacturing","86,110"
Household Appliance Manufacturing,"80,350"
Household Appliance Manufacturing,"80,350"
Electrical Equipment Manufacturing,"103,130"
Other Electrical Equipment and Component Manufacturing,"90,430"
Other Electrical Equipment and Component Manufacturing,"90,430"
Transportation Equipment Manufacturing,"110,760"
Transportation Equipment Manufacturing,"111,590"
Transportation Equipment Manufacturing,"114,180"
Transportation Equipment Manufacturing,"110,930"
Transportation Equipment Manufacturing,"110,930"
Motor Vehicle Manufacturing,"143,320"
Motor Vehicle Manufacturing,"100,990"
Motor Vehicle Manufacturing,"107,020"
Motor Vehicle Manufacturing,"107,020"
Motor Vehicle Parts Manufacturing,"110,400"
Motor Vehicle Parts Manufacturing,"97,070"
Motor Vehicle Parts Manufacturing,"93,510"
Motor Vehicle Parts Manufacturing,"93,510"
Aerospace Product and Parts Manufacturing,"90,490"
Aerospace Product and Parts Manufacturing,"114,780"
Aerospace Product and Parts Manufacturing,"128,630"
Aerospace Product and Parts Manufacturing,"115,380"
Aerospace Product and Parts Manufacturing,"115,380"
Ship and Boat Building,"87,110"
Furniture and Related Product Manufacturing,"80,350"
Furniture and Related Product Manufacturing,"80,350"
Miscellaneous Manufacturing,"101,520"
Miscellaneous Manufacturing,"98,960"
Miscellaneous Manufacturing,"144,690"
Miscellaneous Manufacturing,"108,690"
Miscellaneous Manufacturing,"108,690"
Miscellaneous Manufacturing,"99,780"
Medical Equipment and Supplies Manufacturing,"104,990"
Medical Equipment and Supplies Manufacturing,"101,970"
Medical Equipment and Supplies Manufacturing,"146,100"
Medical Equipment and Supplies Manufacturing,"113,740"
Medical Equipment and Supplies Manufacturing,"113,740"
Medical Equipment and Supplies Manufacturing,"100,780"
Other Miscellaneous Manufacturing,"78,460"
Other Miscellaneous Manufacturing,"91,570"
Other Miscellaneous Manufacturing,"91,570"
"Merchant Wholesalers, Durable Goods","95,180"
"Merchant Wholesalers, Durable Goods","90,700"
"Merchant Wholesalers, Durable Goods","96,300"
"Merchant Wholesalers, Durable Goods","112,790"
"Merchant Wholesalers, Durable Goods","112,790"
"Merchant Wholesalers, Durable Goods","115,060"
Motor Vehicle and Motor Vehicle Parts and Supplies Merchant Wholesalers,"143,940"
Motor Vehicle and Motor Vehicle Parts and Supplies Merchant Wholesalers,"66,430"
Motor Vehicle and Motor Vehicle Parts and Supplies Merchant Wholesalers,"110,860"
Motor Vehicle and Motor Vehicle Parts and Supplies Merchant Wholesalers,"110,860"
Professional and Commercial Equipment and Supplies Merchant Wholesalers,"80,720"
Professional and Commercial Equipment and Supplies Merchant Wholesalers,"81,540"
Professional and Commercial Equipment and Supplies Merchant Wholesalers,"89,170"
Professional and Commercial Equipment and Supplies Merchant Wholesalers,"122,130"
Professional and Commercial Equipment and Supplies Merchant Wholesalers,"122,130"
Professional and Commercial Equipment and Supplies Merchant Wholesalers,"115,060"
"Machinery, Equipment, and Supplies Merchant Wholesalers","90,250"
"Machinery, Equipment, and Supplies Merchant Wholesalers","88,090"
"Machinery, Equipment, and Supplies Merchant Wholesalers","88,090"
Farm and Garden Machinery and Equipment Merchant Wholesalers,"103,690"
Farm and Garden Machinery and Equipment Merchant Wholesalers,"103,690"
"Merchant Wholesalers, Nondurable Goods","88,580"
"Merchant Wholesalers, Nondurable Goods","86,130"
"Merchant Wholesalers, Nondurable Goods","144,280"
"Merchant Wholesalers, Nondurable Goods","109,060"
"Merchant Wholesalers, Nondurable Goods","109,060"
"Merchant Wholesalers, Nondurable Goods","107,000"
"Apparel, Piece Goods, and Notions Merchant Wholesalers","109,500"
"Apparel, Piece Goods, and Notions Merchant Wholesalers","109,500"
Wholesale Trade Agents and Brokers,"72,270"
Wholesale Trade Agents and Brokers,"99,780"
Wholesale Trade Agents and Brokers,"124,210"
Wholesale Trade Agents and Brokers,"109,180"
Wholesale Trade Agents and Brokers,"109,180"
Wholesale Trade Agents and Brokers,"146,260"
Wholesale Trade Agents and Brokers,"72,270"
Wholesale Trade Agents and Brokers,"99,780"
Wholesale Trade Agents and Brokers,"124,210"
Wholesale Trade Agents and Brokers,"109,180"
Wholesale Trade Agents and Brokers,"109,180"
Wholesale Trade Agents and Brokers,"146,260"
Motor Vehicle and Parts Dealers,"127,420"
Motor Vehicle and Parts Dealers,"121,540"
Motor Vehicle and Parts Dealers,"121,540"
Automobile Dealers,"129,720"
Other Motor Vehicle Dealers,"109,580"
"Automotive Parts, Accessories, and Tire Retailers","143,290"
"Automotive Parts, Accessories, and Tire Retailers","143,290"
Building Material and Garden Equipment and Supplies Dealers,"108,830"
Building Material and Garden Equipment and Supplies Dealers,"108,830"
Building Material and Supplies Dealers,"109,220"
Building Material and Supplies Dealers,"109,220"
Food and Beverage Retailers,"41,900"
Food and Beverage Retailers,"66,950"
Food and Beverage Retailers,"66,950"
"Furniture, Home Furnishings, Electronics, and Appliance Retailers","63,660"
"Furniture, Home Furnishings, Electronics, and Appliance Retailers","81,420"
"Furniture, Home Furnishings, Electronics, and Appliance Retailers","104,930"
"Furniture, Home Furnishings, Electronics, and Appliance Retailers","104,930"
Furniture and Home Furnishings Retailers,"65,560"
Furniture and Home Furnishings Retailers,"76,290"
Furniture and Home Furnishings Retailers,"76,290"
General Merchandise Retailers,"58,740"
General Merchandise Retailers,"110,300"
General Merchandise Retailers,"132,130"
General Merchandise Retailers,"132,130"
General Merchandise Retailers,"58,740"
General Merchandise Retailers,"110,300"
General Merchandise Retailers,"132,130"
General Merchandise Retailers,"132,130"
Health and Personal Care Retailers,"92,690"
Health and Personal Care Retailers,"93,980"
Health and Personal Care Retailers,"100,810"
Health and Personal Care Retailers,"100,810"
Health and Personal Care Retailers,"92,690"
Health and Personal Care Retailers,"93,980"
Health and Personal Care Retailers,"100,810"
Health and Personal Care Retailers,"100,810"
Pharmacies and Drug Retailers,"75,310"
Pharmacies and Drug Retailers,"94,240"
Pharmacies and Drug Retailers,"91,460"
Pharmacies and Drug Retailers,"91,460"
Gasoline Stations and Fuel Dealers,"157,410"
"Clothing, Clothing Accessories, Shoe, and Jewelry Retailers","86,850"
"Clothing, Clothing Accessories, Shoe, and Jewelry Retailers","161,420"
"Clothing, Clothing Accessories, Shoe, and Jewelry Retailers","161,420"
Clothing and Clothing Accessories Retailers,"92,730"
Clothing and Clothing Accessories Retailers,"164,030"
Clothing and Clothing Accessories Retailers,"164,030"
"Sporting Goods, Hobby, Musical Instrument, Book, and Miscellaneous Retailers","89,850"
"Sporting Goods, Hobby, Musical Instrument, Book, and Miscellaneous Retailers","74,510"
"Sporting Goods, Hobby, Musical Instrument, Book, and Miscellaneous Retailers","112,370"
"Sporting Goods, Hobby, Musical Instrument, Book, and Miscellaneous Retailers","108,060"
"Sporting Goods, Hobby, Musical Instrument, Book, and Miscellaneous Retailers","108,060"
"Sporting Goods, Hobby, and Musical Instrument Retailers","68,880"
"Sporting Goods, Hobby, and Musical Instrument Retailers","81,200"
"Sporting Goods, Hobby, and Musical Instrument Retailers","81,200"
Sporting Goods Retailers,"85,660"
Sporting Goods Retailers,"85,660"
Other Miscellaneous Retailers,"90,300"
Other Miscellaneous Retailers,"80,780"
Other Miscellaneous Retailers,"108,780"
Other Miscellaneous Retailers,"108,780"
Air Transportation,"81,290"
Air Transportation,"98,780"
Air Transportation,"98,780"
Scheduled Air Transportation,"84,210"
Scheduled Air Transportation,"105,330"
Scheduled Air Transportation,"105,330"
Water Transportation,"101,400"
Water Transportation,"129,300"
Water Transportation,"129,300"
"Deep Sea, Coastal, and Great Lakes Water Transportation","101,300"
"Deep Sea, Coastal, and Great Lakes Water Transportation","129,300"
"Deep Sea, Coastal, and Great Lakes Water Transportation","129,300"
Truck Transportation,"89,790"
Truck Transportation,"61,050"
Truck Transportation,"78,770"
Truck Transportation,"78,770"
Truck Transportation,"89,790"
Truck Transportation,"61,050"
Truck Transportation,"78,770"
Truck Transportation,"78,770"
Pipeline Transportation,"85,440"
Pipeline Transportation,"85,440"
Pipeline Transportation of Natural Gas,"85,440"
Pipeline Transportation of Natural Gas,"85,440"
Support Activities for Transportation,"79,340"
Support Activities for Transportation,"88,420"
Support Activities for Transportation,"101,560"
Support Activities for Transportation,"101,560"
Support Activities for Air Transportation,"81,070"
Support Activities for Air Transportation,"108,520"
Support Activities for Air Transportation,"91,670"
Support Activities for Air Transportation,"91,670"
Freight Transportation Arrangement,"79,470"
Freight Transportation Arrangement,"77,750"
Freight Transportation Arrangement,"108,720"
Freight Transportation Arrangement,"108,720"
Postal Service (federal government),"104,310"
Postal Service (federal government),"100,000"
Postal Service (federal government),"89,390"
Postal Service (federal government),"104,310"
Postal Service (federal government),"100,000"
Postal Service (federal government),"89,390"
Couriers and Messengers,"89,430"
Couriers and Messengers,"162,270"
Couriers and Messengers,"162,270"
Couriers and Express Delivery Services,"89,690"
Couriers and Express Delivery Services,"131,870"
Couriers and Express Delivery Services,"131,870"
Local Messengers and Local Delivery,*
Local Messengers and Local Delivery,*
Warehousing and Storage,"74,500"
Warehousing and Storage,"97,930"
Warehousing and Storage,"75,610"
Warehousing and Storage,"71,340"
Warehousing and Storage,"71,340"
Warehousing and Storage,"74,500"
Warehousing and Storage,"97,930"
Warehousing and Storage,"75,610"
Warehousing and Storage,"71,340"
Warehousing and Storage,"71,340"
Motion Picture and Sound Recording Industries,"76,960"
Motion Picture and Sound Recording Industries,"114,520"
Motion Picture and Sound Recording Industries,"114,520"
Motion Picture and Video Industries,"117,150"
Motion Picture and Video Industries,"117,150"
Sound Recording Industries,"88,510"
Sound Recording Industries,"88,510"
Publishing Industries,"75,260"
Publishing Industries,"94,020"
Publishing Industries,"120,830"
Publishing Industries,"128,870"
Publishing Industries,"128,870"
"Newspaper, Periodical, Book, and Directory Publishers","62,120"
"Newspaper, Periodical, Book, and Directory Publishers","74,410"
"Newspaper, Periodical, Book, and Directory Publishers","74,910"
"Newspaper, Periodical, Book, and Directory Publishers","109,780"
"Newspaper, Periodical, Book, and Directory Publishers","109,780"
Newspaper Publishers,*
Newspaper Publishers,*
Software Publishers,"81,300"
Software Publishers,"101,330"
Software Publishers,"131,840"
Software Publishers,"131,840"
Broadcasting and Content Providers,"57,900"
Broadcasting and Content Providers,"97,610"
Broadcasting and Content Providers,"130,640"
Broadcasting and Content Providers,"130,640"
Radio and Television Broadcasting Stations,"105,920"
Radio and Television Broadcasting Stations,"96,230"
Radio and Television Broadcasting Stations,"96,230"
Television Broadcasting Stations,"105,920"
Television Broadcasting Stations,"102,730"
Television Broadcasting Stations,"102,730"
"Media Streaming Distribution Services, Social Networks, and Other Media Networks and Content Providers","58,330"
"Media Streaming Distribution Services, Social Networks, and Other Media Networks and Content Providers","95,990"
"Media Streaming Distribution Services, Social Networks, and Other Media Networks and Content Providers","132,740"
"Media Streaming Distribution Services, Social Networks, and Other Media Networks and Content Providers","132,740"
Telecommunications,*
Telecommunications,"109,300"
Telecommunications,"119,170"
Telecommunications,"119,170"
Telecommunications,*
Telecommunications,"109,300"
Telecommunications,"119,170"
Telecommunications,"119,170"
"Computing Infrastructure Providers, Data Processing, Web Hosting, and Related Services","72,850"
"Computing Infrastructure Providers, Data Processing, Web Hosting, and Related Services","99,770"
"Computing Infrastructure Providers, Data Processing, Web Hosting, and Related Services","112,090"
"Computing Infrastructure Providers, Data Processing, Web Hosting, and Related Services","120,100"
"Computing Infrastructure Providers, Data Processing, Web Hosting, and Related Services","120,100"
"Computing Infrastructure Providers, Data Processing, Web Hosting, and Related Services","72,850"
"Computing Infrastructure Providers, Data Processing, Web Hosting, and Related Services","99,770"
"Computing Infrastructure Providers, Data Processing, Web Hosting, and Related Services","112,090"
"Computing Infrastructure Providers, Data Processing, Web Hosting, and Related Services","120,100"
"Computing Infrastructure Providers, Data Processing, Web Hosting, and Related Services","120,100"
"Web Search Portals, Libraries, Archives, and Other Information Services","119,070"
"Web Search Portals, Libraries, Archives, and Other Information Services",*
"Web Search Portals, Libraries, Archives, and Other Information Services",*
"Web Search Portals, Libraries, Archives, and Other Information Services","119,070"
"Web Search Portals, Libraries, Archives, and Other Information Services",*
"Web Search Portals, Libraries, Archives, and Other Information Services",*
Monetary Authorities-Central Bank,"58,740"
Monetary Authorities-Central Bank,"111,690"
Monetary Authorities-Central Bank,"111,690"
Monetary Authorities-Central Bank,"58,740"
Monetary Authorities-Central Bank,"111,690"
Monetary Authorities-Central Bank,"111,690"
Credit Intermediation and Related Activities,"74,600"
Credit Intermediation and Related Activities,"87,030"
Credit Intermediation and Related Activities,"108,330"
Credit Intermediation and Related Activities,"121,160"
Credit Intermediation and Related Activities,"121,160"
Nondepository Credit Intermediation,"82,410"
Nondepository Credit Intermediation,"98,840"
Nondepository Credit Intermediation,"98,820"
Nondepository Credit Intermediation,"122,830"
Nondepository Credit Intermediation,"122,830"
Other Nondepository Credit Intermediation,"87,480"
Other Nondepository Credit Intermediation,"86,050"
Other Nondepository Credit Intermediation,"104,370"
Other Nondepository Credit Intermediation,"118,820"
Other Nondepository Credit Intermediation,"118,820"
"Securities, Commodity Contracts, and Other Financial Investments and Related Activities","107,440"
"Securities, Commodity Contracts, and Other Financial Investments and Related Activities","113,150"
"Securities, Commodity Contracts, and Other Financial Investments and Related Activities",*
"Securities, Commodity Contracts, and Other Financial Investments and Related Activities","133,730"
"Securities, Commodity Contracts, and Other Financial Investments and Related Activities","133,730"
"Securities, Commodity Contracts, and Other Financial Investments and Related Activities","107,440"
"Securities, Commodity Contracts, and Other Financial Investments and Related Activities","113,150"
"Securities, Commodity Contracts, and Other Financial Investments and Related Activities",*
"Securities, Commodity Contracts, and Other Financial Investments and Related Activities","133,730"
"Securities, Commodity Contracts, and Other Financial Investments and Related Activities","133,730"
Insurance Carriers and Related Activities,"82,900"
Insurance Carriers and Related Activities,"87,540"
Insurance Carriers and Related Activities,"97,640"
Insurance Carriers and Related Activities,"109,880"
Insurance Carriers and Related Activities,"109,880"
Insurance Carriers and Related Activities,"73,740"
Insurance Carriers,"85,840"
Insurance Carriers,"89,500"
Insurance Carriers,"99,090"
Insurance Carriers,"111,130"
Insurance Carriers,"111,130"
Insurance Carriers,"74,020"
Direct Health and Medical Insurance Carriers,"76,590"
Direct Health and Medical Insurance Carriers,"84,430"
Direct Health and Medical Insurance Carriers,"101,390"
Direct Health and Medical Insurance Carriers,"95,110"
Direct Health and Medical Insurance Carriers,"95,110"
Direct Health and Medical Insurance Carriers,"67,900"
"Direct Insurance (except Life, Health, and Medical) Carriers","79,350"
"Direct Insurance (except Life, Health, and Medical) Carriers","95,570"
"Direct Insurance (except Life, Health, and Medical) Carriers","97,710"
"Direct Insurance (except Life, Health, and Medical) Carriers","115,890"
"Direct Insurance (except Life, Health, and Medical) Carriers","115,890"
"Agencies, Brokerages, and Other Insurance Related Activities","77,580"
"Agencies, Brokerages, and Other Insurance Related Activities","79,730"
"Agencies, Brokerages, and Other Insurance Related Activities","92,500"
"Agencies, Brokerages, and Other Insurance Related Activities","107,200"
"Agencies, Brokerages, and Other Insurance Related Activities","107,200"
Insurance Agencies and Brokerages,"78,850"
Insurance Agencies and Brokerages,"80,920"
Insurance Agencies and Brokerages,"85,990"
Insurance Agencies and Brokerages,"118,650"
Insurance Agencies and Brokerages,"118,650"
Other Insurance Related Activities,"76,170"
Other Insurance Related Activities,"77,970"
Other Insurance Related Activities,"95,140"
Other Insurance Related Activities,"98,020"
Other Insurance Related Activities,"98,020"
"Funds, Trusts, and Other Financial Vehicles","77,650"
"Funds, Trusts, and Other Financial Vehicles","85,680"
"Funds, Trusts, and Other Financial Vehicles","85,680"
Insurance and Employee Benefit Funds,"72,890"
Other Investment Pools and Funds,"88,140"
Real Estate,"87,080"
Real Estate,"99,340"
Real Estate,"99,340"
Real Estate,"87,080"
Real Estate,"99,340"
Real Estate,"99,340"
Rental and Leasing Services,"46,330"
Rental and Leasing Services,"104,070"
Rental and Leasing Services,"104,070"
Lessors of Nonfinancial Intangible Assets (except Copyrighted Works),"82,440"
Lessors of Nonfinancial Intangible Assets (except Copyrighted Works),"82,440"
"Professional, Scientific, and Technical Services","101,540"
"Professional, Scientific, and Technical Services","105,540"
"Professional, Scientific, and Technical Services","115,850"
"Professional, Scientific, and Technical Services","113,450"
"Professional, Scientific, and Technical Services","113,450"
"Professional, Scientific, and Technical Services","86,390"
"Professional, Scientific, and Technical Services","105,180"
Legal Services,"70,090"
Legal Services,"111,720"
Legal Services,"95,300"
Legal Services,"91,770"
Legal Services,"91,770"
"Accounting, Tax Preparation, Bookkeeping, and Payroll Services","83,120"
"Accounting, Tax Preparation, Bookkeeping, and Payroll Services","85,910"
"Accounting, Tax Preparation, Bookkeeping, and Payroll Services","126,730"
"Accounting, Tax Preparation, Bookkeeping, and Payroll Services","126,730"
"Architectural, Engineering, and Related Services","119,780"
"Architectural, Engineering, and Related Services","108,130"
"Architectural, Engineering, and Related Services","96,990"
"Architectural, Engineering, and Related Services","92,970"
"Architectural, Engineering, and Related Services","92,970"
"Architectural, Engineering, and Related Services","73,640"
Engineering Services,"121,950"
Engineering Services,"112,190"
Engineering Services,"94,390"
Engineering Services,"95,190"
Engineering Services,"95,190"
Engineering Services,"85,850"
Testing Laboratories and Services,"67,560"
Testing Laboratories and Services,"70,870"
Testing Laboratories and Services,"70,870"
Testing Laboratories and Services,"68,100"
Specialized Design Services,"101,970"
Specialized Design Services,"101,970"
Computer Systems Design and Related Services,"96,880"
Computer Systems Design and Related Services,"98,290"
Computer Systems Design and Related Services,"120,890"
Computer Systems Design and Related Services,"117,800"
Computer Systems Design and Related Services,"117,800"
Computer Systems Design and Related Services,"76,920"
Computer Systems Design and Related Services,"106,670"
"Management, Scientific, and Technical Consulting Services","123,300"
"Management, Scientific, and Technical Consulting Services","114,490"
"Management, Scientific, and Technical Consulting Services","101,000"
"Management, Scientific, and Technical Consulting Services","110,450"
"Management, Scientific, and Technical Consulting Services","110,450"
"Management, Scientific, and Technical Consulting Services","86,610"
"Management, Scientific, and Technical Consulting Services","84,460"
Scientific Research and Development Services,"118,150"
Scientific Research and Development Services,"110,800"
Scientific Research and Development Services,"122,600"
Scientific Research and Development Services,"125,620"
Scientific Research and Development Services,"125,620"
Scientific Research and Development Services,"95,480"
Scientific Research and Development Services,"110,890"
"Research and Development in the Physical, Engineering, and Life Sciences","129,630"
"Research and Development in the Physical, Engineering, and Life Sciences","111,750"
"Research and Development in the Physical, Engineering, and Life Sciences","124,400"
"Research and Development in the Physical, Engineering, and Life Sciences","126,280"
"Research and Development in the Physical, Engineering, and Life Sciences","126,280"
"Research and Development in the Physical, Engineering, and Life Sciences","96,130"
"Research and Development in the Physical, Engineering, and Life Sciences","110,830"
Research and Development in the Social Sciences and Humanities,"63,950"
Research and Development in the Social Sciences and Humanities,"106,520"
Research and Development in the Social Sciences and Humanities,"103,080"
Research and Development in the Social Sciences and Humanities,"113,940"
Research and Development in the Social Sciences and Humanities,"113,940"
Research and Development in the Social Sciences and Humanities,"122,290"
"Advertising, Public Relations, and Related Services","68,530"
"Advertising, Public Relations, and Related Services","91,100"
"Advertising, Public Relations, and Related Services","98,920"
"Advertising, Public Relations, and Related Services","100,390"
"Advertising, Public Relations, and Related Services","100,390"
"Other Professional, Scientific, and Technical Services","110,190"
"Other Professional, Scientific, and Technical Services","77,070"
"Other Professional, Scientific, and Technical Services","92,490"
"Other Professional, Scientific, and Technical Services","95,980"
"Other Professional, Scientific, and Technical Services","95,980"
"Other Professional, Scientific, and Technical Services","77,160"
"Other Professional, Scientific, and Technical Services","121,740"
Management of Companies and Enterprises,"88,050"
Management of Companies and Enterprises,"99,730"
Management of Companies and Enterprises,"106,820"
Management of Companies and Enterprises,"113,920"
Management of Companies and Enterprises,"113,920"
Management of Companies and Enterprises,"92,780"
Management of Companies and Enterprises,"107,290"
Management of Companies and Enterprises,"88,050"
Management of Companies and Enterprises,"99,730"
Management of Companies and Enterprises,"106,820"
Management of Companies and Enterprises,"113,920"
Management of Companies and Enterprises,"113,920"
Management of Companies and Enterprises,"92,780"
Management of Companies and Enterprises,"107,290"
Administrative and Support Services,"67,870"
Administrative and Support Services,"72,090"
Administrative and Support Services,"93,300"
Administrative and Support Services,"97,410"
Administrative and Support Services,"97,410"
Administrative and Support Services,"87,420"
Administrative and Support Services,"76,580"
Office Administrative Services,"91,190"
Office Administrative Services,"96,820"
Office Administrative Services,"96,820"
Office Administrative Services,"99,130"
Facilities Support Services,"68,760"
Facilities Support Services,"85,400"
Facilities Support Services,"85,400"
Employment Services,*
Employment Services,"68,110"
Employment Services,"97,150"
Employment Services,"99,870"
Employment Services,"99,870"
Employment Services,"78,070"
Employment Services,"75,980"
Temporary Help Services,"69,000"
Temporary Help Services,"66,420"
Temporary Help Services,"88,960"
Temporary Help Services,"93,320"
Temporary Help Services,"93,320"
Temporary Help Services,"72,500"
Temporary Help Services,"79,260"
Business Support Services,"73,770"
Business Support Services,"72,640"
Business Support Services,*
Business Support Services,"84,560"
Business Support Services,"84,560"
Travel Arrangement and Reservation Services,"80,590"
Travel Arrangement and Reservation Services,"68,810"
Travel Arrangement and Reservation Services,"101,880"
Travel Arrangement and Reservation Services,"101,880"
Investigation and Security Services,"58,710"
Investigation and Security Services,"99,370"
Investigation and Security Services,"99,370"
"Investigation, Guard, and Armored Car Services","78,290"
"Investigation, Guard, and Armored Car Services","78,290"
Security Systems Services,"123,900"
Security Systems Services,"123,900"
Other Support Services,"96,020"
Other Support Services,"53,720"
Other Support Services,"89,510"
Other Support Services,"89,510"
Waste Management and Remediation Services,"82,720"
Waste Management and Remediation Services,"92,360"
Waste Collection,"87,840"
Remediation and Other Waste Management Services,"89,420"
Educational Services,"65,460"
Educational Services,"81,200"
Educational Services,"83,480"
Educational Services,"84,070"
Educational Services,"84,070"
Educational Services,"74,230"
Educational Services,"69,120"
Educational Services,"64,200"
Educational Services,"62,370"
Educational Services,"68,430"
Educational Services,"70,100"
Educational Services,"70,660"
Educational Services,"99,150"
Educational Services,"78,270"
Educational Services,"67,750"
Educational Services,"93,360"
Educational Services,"76,960"
Educational Services,"97,860"
Educational Services,"86,280"
Educational Services,"76,960"
Educational Services,"97,860"
Educational Services,"86,280"
Educational Services,"66,100"
Educational Services,"78,240"
Educational Services,"67,670"
Educational Services,"63,570"
Educational Services,"70,580"
Elementary and Secondary Schools,"66,440"
Elementary and Secondary Schools,"70,520"
Elementary and Secondary Schools,"75,280"
Elementary and Secondary Schools,"100,240"
Elementary and Secondary Schools,"100,240"
Elementary and Secondary Schools,"66,700"
Elementary and Secondary Schools,"64,360"
Elementary and Secondary Schools,"70,830"
Elementary and Secondary Schools,"63,010"
Elementary and Secondary Schools,"73,460"
Elementary and Secondary Schools,"105,510"
Elementary and Secondary Schools,"69,010"
Elementary and Secondary Schools,"105,510"
Elementary and Secondary Schools,"69,010"
Junior Colleges,"54,530"
Junior Colleges,"68,260"
Junior Colleges,"62,610"
Junior Colleges,"73,740"
Junior Colleges,"73,740"
Junior Colleges,"57,330"
Junior Colleges,"54,240"
Junior Colleges,"45,120"
Junior Colleges,"68,780"
Junior Colleges,"68,090"
Junior Colleges,"61,490"
Junior Colleges,"65,730"
Junior Colleges,"80,180"
Junior Colleges,"70,640"
Junior Colleges,"80,180"
Junior Colleges,"70,640"
"Colleges, Universities, and Professional Schools","67,010"
"Colleges, Universities, and Professional Schools","71,560"
"Colleges, Universities, and Professional Schools","84,550"
"Colleges, Universities, and Professional Schools","78,550"
"Colleges, Universities, and Professional Schools","78,550"
"Colleges, Universities, and Professional Schools","71,150"
"Colleges, Universities, and Professional Schools","69,270"
"Colleges, Universities, and Professional Schools","64,810"
"Colleges, Universities, and Professional Schools","64,900"
"Colleges, Universities, and Professional Schools","70,720"
"Colleges, Universities, and Professional Schools","69,970"
"Colleges, Universities, and Professional Schools","75,290"
"Colleges, Universities, and Professional Schools","78,990"
"Colleges, Universities, and Professional Schools","56,840"
"Colleges, Universities, and Professional Schools","94,230"
"Colleges, Universities, and Professional Schools","76,930"
"Colleges, Universities, and Professional Schools","81,550"
"Colleges, Universities, and Professional Schools","76,930"
"Colleges, Universities, and Professional Schools","81,550"
"Colleges, Universities, and Professional Schools","68,920"
"Colleges, Universities, and Professional Schools","73,410"
"Colleges, Universities, and Professional Schools","67,670"
"Colleges, Universities, and Professional Schools","63,950"
"Colleges, Universities, and Professional Schools","70,860"
Business Schools and Computer and Management Training,"67,890"
Business Schools and Computer and Management Training,"164,550"
Business Schools and Computer and Management Training,"92,520"
Business Schools and Computer and Management Training,"111,880"
Business Schools and Computer and Management Training,"111,880"
Business Schools and Computer and Management Training,"68,680"
Business Schools and Computer and Management Training,"164,550"
Business Schools and Computer and Management Training,"92,400"
Business Schools and Computer and Management Training,"115,280"
Business Schools and Computer and Management Training,"115,280"
Technical and Trade Schools,"55,190"
Technical and Trade Schools,"77,850"
Technical and Trade Schools,"69,170"
Technical and Trade Schools,"69,170"
Technical and Trade Schools,"54,790"
Technical and Trade Schools,"77,930"
Technical and Trade Schools,"71,200"
Technical and Trade Schools,"71,200"
Other Schools and Instruction,"58,160"
Other Schools and Instruction,"87,200"
Other Schools and Instruction,"87,200"
Other Schools and Instruction,"58,160"
Other Schools and Instruction,"86,130"
Other Schools and Instruction,"86,130"
Educational Support Services,"86,190"
Educational Support Services,"79,510"
Educational Support Services,"82,580"
Educational Support Services,"106,520"
Educational Support Services,"106,520"
Educational Support Services,"85,930"
Educational Support Services,"79,730"
Educational Support Services,"82,580"
Educational Support Services,"106,640"
Educational Support Services,"106,640"
Ambulatory Health Care Services,"66,260"
Ambulatory Health Care Services,"80,640"
Ambulatory Health Care Services,"82,870"
Ambulatory Health Care Services,"91,720"
Ambulatory Health Care Services,"91,720"
Ambulatory Health Care Services,"98,130"
Offices of Physicians,"60,530"
Offices of Physicians,"81,960"
Offices of Physicians,"71,470"
Offices of Physicians,"77,670"
Offices of Physicians,"77,670"
Offices of Physicians,"103,750"
Offices of Dentists,"55,510"
Offices of Other Health Practitioners,"96,230"
Offices of Other Health Practitioners,"96,230"
"Offices of Physical, Occupational and Speech Therapists, and Audiologists","112,720"
"Offices of Physical, Occupational and Speech Therapists, and Audiologists","112,720"
Outpatient Care Centers,"72,690"
Outpatient Care Centers,"82,530"
Outpatient Care Centers,"109,320"
Outpatient Care Centers,"90,050"
Outpatient Care Centers,"90,050"
Outpatient Care Centers,"143,680"
Outpatient Mental Health and Substance Abuse Centers,"67,540"
Outpatient Mental Health and Substance Abuse Centers,"64,520"
Outpatient Mental Health and Substance Abuse Centers,"73,110"
Outpatient Mental Health and Substance Abuse Centers,"73,110"
Medical and Diagnostic Laboratories,"91,560"
Medical and Diagnostic Laboratories,"81,450"
Medical and Diagnostic Laboratories,"108,270"
Medical and Diagnostic Laboratories,"117,790"
Medical and Diagnostic Laboratories,"117,790"
Medical and Diagnostic Laboratories,"88,070"
Home Health Care Services,"69,580"
Home Health Care Services,"95,210"
Home Health Care Services,"95,210"
Other Ambulatory Health Care Services,"64,950"
Other Ambulatory Health Care Services,"101,330"
Other Ambulatory Health Care Services,"101,330"
All Other Ambulatory Health Care Services,"67,180"
All Other Ambulatory Health Care Services,"101,290"
All Other Ambulatory Health Care Services,"101,290"
Hospitals,"62,360"
Hospitals,"78,740"
Hospitals,"93,990"
Hospitals,"91,630"
Hospitals,"91,630"
Hospitals,"78,220"
Hospitals,"88,050"
Hospitals,"78,500"
Hospitals,"60,450"
Hospitals,"60,990"
Hospitals,"89,800"
Hospitals,"81,450"
Hospitals,"75,400"
Hospitals,"93,620"
Hospitals,"90,350"
Hospitals,"94,330"
Hospitals,"104,250"
Hospitals,"85,750"
Hospitals,"90,760"
Hospitals,"104,250"
Hospitals,"85,750"
Hospitals,"90,760"
Hospitals,"74,590"
Hospitals,"73,470"
Hospitals,"89,240"
General Medical and Surgical Hospitals,"62,540"
General Medical and Surgical Hospitals,"79,010"
General Medical and Surgical Hospitals,"93,440"
General Medical and Surgical Hospitals,"91,000"
General Medical and Surgical Hospitals,"91,000"
General Medical and Surgical Hospitals,"78,220"
General Medical and Surgical Hospitals,"89,060"
General Medical and Surgical Hospitals,"80,190"
General Medical and Surgical Hospitals,"60,450"
General Medical and Surgical Hospitals,"61,310"
General Medical and Surgical Hospitals,"93,690"
General Medical and Surgical Hospitals,"81,650"
General Medical and Surgical Hospitals,"74,960"
General Medical and Surgical Hospitals,"85,600"
General Medical and Surgical Hospitals,"89,050"
General Medical and Surgical Hospitals,"94,380"
General Medical and Surgical Hospitals,"105,210"
General Medical and Surgical Hospitals,"85,750"
General Medical and Surgical Hospitals,"89,920"
General Medical and Surgical Hospitals,"105,210"
General Medical and Surgical Hospitals,"85,750"
General Medical and Surgical Hospitals,"89,920"
General Medical and Surgical Hospitals,"74,590"
General Medical and Surgical Hospitals,"88,540"
Psychiatric and Substance Abuse Hospitals,"63,500"
Psychiatric and Substance Abuse Hospitals,"52,550"
Psychiatric and Substance Abuse Hospitals,"71,360"
Psychiatric and Substance Abuse Hospitals,"57,790"
Psychiatric and Substance Abuse Hospitals,"51,750"
Specialty (except Psychiatric and Substance Abuse) Hospitals,"56,010"
Specialty (except Psychiatric and Substance Abuse) Hospitals,"91,070"
Specialty (except Psychiatric and Substance Abuse) Hospitals,"102,240"
Specialty (except Psychiatric and Substance Abuse) Hospitals,"110,040"
Specialty (except Psychiatric and Substance Abuse) Hospitals,"110,040"
Specialty (except Psychiatric and Substance Abuse) Hospitals,"53,860"
Specialty (except Psychiatric and Substance Abuse) Hospitals,"94,030"
Specialty (except Psychiatric and Substance Abuse) Hospitals,"96,410"
Specialty (except Psychiatric and Substance Abuse) Hospitals,"112,040"
Specialty (except Psychiatric and Substance Abuse) Hospitals,"112,040"
Nursing and Residential Care Facilities,"80,210"
Nursing and Residential Care Facilities,"72,290"
Nursing and Residential Care Facilities,"72,290"
Nursing Care Facilities (Skilled Nursing Facilities),"90,300"
Nursing Care Facilities (Skilled Nursing Facilities),"85,370"
Nursing Care Facilities (Skilled Nursing Facilities),"85,370"
"Residential Intellectual and Developmental Disability, Mental Health, and Substance Abuse Facilities","52,490"
Residential Mental Health and Substance Abuse Facilities,"52,170"
Other Residential Care Facilities,"62,030"
Other Residential Care Facilities,"62,030"
Social Assistance,"54,440"
Social Assistance,"55,540"
Social Assistance,"61,490"
Social Assistance,"73,560"
Social Assistance,"73,560"
Social Assistance,"63,600"
Individual and Family Services,"53,870"
Individual and Family Services,"55,100"
Individual and Family Services,"59,240"
Individual and Family Services,"74,830"
Individual and Family Services,"74,830"
Individual and Family Services,"63,600"
Services for the Elderly and Persons with Disabilities,"50,240"
Services for the Elderly and Persons with Disabilities,"71,850"
Services for the Elderly and Persons with Disabilities,"71,850"
"Community Food and Housing, and Emergency and Other Relief Services","58,630"
"Community Food and Housing, and Emergency and Other Relief Services","60,330"
"Community Food and Housing, and Emergency and Other Relief Services","77,520"
"Community Food and Housing, and Emergency and Other Relief Services","77,520"
Vocational Rehabilitation Services,"64,270"
Vocational Rehabilitation Services,"64,270"
"Performing Arts, Spectator Sports, and Related Industries","72,420"
"Performing Arts, Spectator Sports, and Related Industries","71,380"
"Performing Arts, Spectator Sports, and Related Industries","87,120"
"Performing Arts, Spectator Sports, and Related Industries","87,120"
Spectator Sports,"66,750"
Spectator Sports,"70,880"
Spectator Sports,"89,760"
Spectator Sports,"89,760"
"Promoters of Performing Arts, Sports, and Similar Events","88,920"
"Promoters of Performing Arts, Sports, and Similar Events","78,010"
"Promoters of Performing Arts, Sports, and Similar Events","78,010"
"Independent Artists, Writers, and Performers","59,870"
"Museums, Historical Sites, and Similar Institutions","68,370"
"Museums, Historical Sites, and Similar Institutions","68,370"
"Museums, Historical Sites, and Similar Institutions","54,730"
"Museums, Historical Sites, and Similar Institutions","68,370"
"Museums, Historical Sites, and Similar Institutions","68,370"
"Museums, Historical Sites, and Similar Institutions","54,730"
"Amusement, Gambling, and Recreation Industries","64,830"
"Amusement, Gambling, and Recreation Industries","97,460"
"Amusement, Gambling, and Recreation Industries","97,460"
Gambling Industries,"67,010"
Gambling Industries,"98,050"
Gambling Industries,"98,050"
Accommodation,"68,840"
Accommodation,"81,260"
Accommodation,"81,260"
Traveler Accommodation,"64,730"
Traveler Accommodation,"81,260"
Traveler Accommodation,"81,260"
Casino Hotels,"58,410"
Food Services and Drinking Places,"83,820"
Repair and Maintenance,"73,180"
Repair and Maintenance,"80,110"
Repair and Maintenance,"97,380"
Repair and Maintenance,"97,380"
Automotive Repair and Maintenance,"68,170"
Electronic and Precision Equipment Repair and Maintenance,"71,310"
Electronic and Precision Equipment Repair and Maintenance,"89,360"
Electronic and Precision Equipment Repair and Maintenance,"89,360"
Personal and Laundry Services,"45,130"
Personal and Laundry Services,"125,370"
Personal and Laundry Services,"125,370"
Personal Care Services,"133,370"
Personal Care Services,"133,370"
Other Personal Services,"45,110"
Other Personal Services,"119,950"
Other Personal Services,"119,950"
"Religious, Grantmaking, Civic, Professional, and Similar Organizations","86,990"
"Religious, Grantmaking, Civic, Professional, and Similar Organizations","81,500"
"Religious, Grantmaking, Civic, Professional, and Similar Organizations","96,150"
"Religious, Grantmaking, Civic, Professional, and Similar Organizations","86,630"
"Religious, Grantmaking, Civic, Professional, and Similar Organizations","86,630"
"Religious, Grantmaking, Civic, Professional, and Similar Organizations","62,100"
Religious Organizations,"75,150"
Religious Organizations,"75,150"
Grantmaking and Giving Services,"78,540"
Grantmaking and Giving Services,"81,280"
Grantmaking and Giving Services,"89,530"
Grantmaking and Giving Services,"93,360"
Grantmaking and Giving Services,"93,360"
Grantmaking and Giving Services,"83,360"
Social Advocacy Organizations,"83,290"
Social Advocacy Organizations,"87,660"
Social Advocacy Organizations,"88,230"
Social Advocacy Organizations,"81,910"
Social Advocacy Organizations,"81,910"
Social Advocacy Organizations,"55,940"
Civic and Social Organizations,"61,240"
Civic and Social Organizations,"65,360"
Civic and Social Organizations,"65,360"
"Business, Professional, Labor, Political, and Similar Organizations","99,310"
"Business, Professional, Labor, Political, and Similar Organizations","81,940"
"Business, Professional, Labor, Political, and Similar Organizations","99,610"
"Business, Professional, Labor, Political, and Similar Organizations","93,970"
"Business, Professional, Labor, Political, and Similar Organizations","93,970"
Labor Unions and Similar Labor Organizations,"67,900"
Labor Unions and Similar Labor Organizations,"99,930"
Labor Unions and Similar Labor Organizations,"99,930"
"Federal, State, and Local Government, excluding state and local schools and hospitals and the U.S. Postal Service (OES Designation)","87,220"
"Federal, State, and Local Government, excluding state and local schools and hospitals and the U.S. Postal Service (OES Designation)","95,590"
"Federal, State, and Local Government, excluding state and local schools and hospitals and the U.S. Postal Service (OES Designation)","103,520"
"Federal, State, and Local Government, excluding state and local schools and hospitals and the U.S. Postal Service (OES Designation)","82,840"
"Federal, State, and Local Government, excluding state and local schools and hospitals and the U.S. Postal Service (OES Designation)","82,840"
"Federal, State, and Local Government, excluding state and local schools and hospitals and the U.S. Postal Service (OES Designation)","67,920"
"Federal, State, and Local Government, excluding state and local schools and hospitals and the U.S. Postal Service (OES Designation)","87,000"
"Federal, state, and local government, including government-owned schools and hospitals, and the U.S. Postal Service","83,320"
"Federal, state, and local government, including government-owned schools and hospitals, and the U.S. Postal Service","91,040"
"Federal, state, and local government, including government-owned schools and hospitals, and the U.S. Postal Service","97,520"
"Federal, state, and local government, including government-owned schools and hospitals, and the U.S. Postal Service","83,980"
"Federal, state, and local government, including government-owned schools and hospitals, and the U.S. Postal Service","83,980"
"Federal, state, and local government, including government-owned schools and hospitals, and the U.S. Postal Service","68,390"
"Federal, state, and local government, including government-owned schools and hospitals, and the U.S. Postal Service","85,120"
Federal Executive Branch (OES Designation),"92,610"
Federal Executive Branch (OES Designation),"126,190"
Federal Executive Branch (OES Designation),"120,060"
Federal Executive Branch (OES Designation),"117,860"
Federal Executive Branch (OES Designation),"117,860"
Federal Executive Branch (OES Designation),"69,660"
Federal Executive Branch (OES Designation),"92,430"
"Federal government, including the US Postal Service","92,630"
"Federal government, including the US Postal Service","125,340"
"Federal government, including the US Postal Service","119,110"
"Federal government, including the US Postal Service","117,860"
"Federal government, including the US Postal Service","117,860"
"Federal government, including the US Postal Service","69,660"
"Federal government, including the US Postal Service","92,430"
"State Government, excluding schools and hospitals (OES Designation)","66,580"
"State Government, excluding schools and hospitals (OES Designation)","58,100"
"State Government, excluding schools and hospitals (OES Designation)","67,380"
"State Government, excluding schools and hospitals (OES Designation)","83,360"
"State Government, excluding schools and hospitals (OES Designation)","83,360"
"State Government, excluding schools and hospitals (OES Designation)","61,150"
"State Government, excluding schools and hospitals (OES Designation)","50,080"
"State government, including schools and hospitals","65,880"
"State government, including schools and hospitals","63,870"
"State government, including schools and hospitals","73,650"
"State government, including schools and hospitals","81,660"
"State government, including schools and hospitals","81,660"
"State government, including schools and hospitals","63,640"
"State government, including schools and hospitals","58,030"
"Local Government, excluding schools and hospitals (OES Designation)","65,150"
"Local Government, excluding schools and hospitals (OES Designation)","86,710"
"Local Government, excluding schools and hospitals (OES Designation)","83,040"
"Local Government, excluding schools and hospitals (OES Designation)","80,520"
"Local Government, excluding schools and hospitals (OES Designation)","80,520"
"Local Government, excluding schools and hospitals (OES Designation)","87,420"
"Local government, including schools and hospitals","63,590"
"Local government, including schools and hospitals","82,530"
"Local government, including schools and hospitals","80,410"
"Local government, including schools and hospitals","88,140"
"Local government, including schools and hospitals","88,140"
"Local government, including schools and hospitals","82,010"
"Local government, including schools and hospitals","82,930"
Manufacturing,"106,090"
Manufacturing,"111,940"
Manufacturing,"137,790"
Manufacturing,"117,110"
Manufacturing,"117,110"
Manufacturing,"139,110"
Manufacturing,"129,990"
"Chemical Manufacturing (3251, 3252, 3253, and 3259 only)","111,270"
"Chemical Manufacturing (3251, 3252, 3253, and 3259 only)","105,000"
"Chemical Manufacturing (3251, 3252, 3253, and 3259 only)","104,890"
"Chemical Manufacturing (3251, 3252, 3253, and 3259 only)","104,890"
Chemical Manufacturing (3255 and 3256 only),"69,960"
Chemical Manufacturing (3255 and 3256 only),"114,380"
Chemical Manufacturing (3255 and 3256 only),"114,380"
"Fabricated Metal Product Manufacturing (3321, 3322, 3325, 3326, and 3329 only)","77,890"
"Fabricated Metal Product Manufacturing (3321, 3322, 3325, 3326, and 3329 only)","82,730"
"Fabricated Metal Product Manufacturing (3321, 3322, 3325, 3326, and 3329 only)","84,820"
"Fabricated Metal Product Manufacturing (3321, 3322, 3325, 3326, and 3329 only)","84,820"
Fabricated Metal Product Manufacturing (3323 and 3324 only),"85,830"
Fabricated Metal Product Manufacturing (3323 and 3324 only),"81,980"
Fabricated Metal Product Manufacturing (3323 and 3324 only),"81,980"
"Machinery Manufacturing (3331, 3332, 3334, and 3339 only)","74,850"
"Machinery Manufacturing (3331, 3332, 3334, and 3339 only)","104,830"
"Machinery Manufacturing (3331, 3332, 3334, and 3339 only)","94,070"
"Machinery Manufacturing (3331, 3332, 3334, and 3339 only)","94,070"
Furniture and Related Product Manufacturing (3371 and 3372 only),"78,490"
Furniture and Related Product Manufacturing (3371 and 3372 only),"78,490"
"Merchant Wholesalers, Durable Goods (4232, 4233, 4235, 4236, 4237, and 4239 only)","78,560"
"Merchant Wholesalers, Durable Goods (4232, 4233, 4235, 4236, 4237, and 4239 only)","103,180"
"Merchant Wholesalers, Durable Goods (4232, 4233, 4235, 4236, 4237, and 4239 only)","94,550"
"Merchant Wholesalers, Durable Goods (4232, 4233, 4235, 4236, 4237, and 4239 only)","94,550"
"Merchant Wholesalers, Nondurable Goods (4244 and 4248 only)","80,160"
"Merchant Wholesalers, Nondurable Goods (4244 and 4248 only)","80,270"
"Merchant Wholesalers, Nondurable Goods (4244 and 4248 only)","92,450"
"Merchant Wholesalers, Nondurable Goods (4244 and 4248 only)","92,450"
"Merchant Wholesalers, Nondurable Goods (4242 and 4246 only)","97,560"
"Merchant Wholesalers, Nondurable Goods (4242 and 4246 only)","78,960"
"Merchant Wholesalers, Nondurable Goods (4242 and 4246 only)","144,280"
"Merchant Wholesalers, Nondurable Goods (4242 and 4246 only)","120,110"
"Merchant Wholesalers, Nondurable Goods (4242 and 4246 only)","120,110"
"Merchant Wholesalers, Nondurable Goods (4242 and 4246 only)","108,150"
"Merchant Wholesalers, Nondurable Goods (4241, 4247, and 4249 only)","82,300"
"Merchant Wholesalers, Nondurable Goods (4241, 4247, and 4249 only)","101,080"
"Merchant Wholesalers, Nondurable Goods (4241, 4247, and 4249 only)","93,970"
"Merchant Wholesalers, Nondurable Goods (4241, 4247, and 4249 only)","93,970"
Retail Trade,"122,200"
Retail Trade,"94,500"
Retail Trade,"93,360"
Retail Trade,"121,780"
Retail Trade,"121,780"
Food and Beverage Retailers (4451 and 4452 only),"41,900"
Food and Beverage Retailers (4451 and 4452 only),"66,950"
Food and Beverage Retailers (4451 and 4452 only),"66,950"
Miscellaneous Store Retailers (4594 and 4595 only),"116,030"
Miscellaneous Store Retailers (4594 and 4595 only),"116,030"
Transportation and Warehousing,"95,570"
Transportation and Warehousing,"95,570"
Credit Intermediation and Related Activities (5221 And 5223 only),"72,340"
Credit Intermediation and Related Activities (5221 And 5223 only),"84,100"
Credit Intermediation and Related Activities (5221 And 5223 only),"124,990"
Credit Intermediation and Related Activities (5221 And 5223 only),"120,520"
Credit Intermediation and Related Activities (5221 And 5223 only),"120,520"
"Rental and Leasing Services (5322, 5323, and 5324 only)","45,840"
"Rental and Leasing Services (5322, 5323, and 5324 only)","103,450"
"Rental and Leasing Services (5322, 5323, and 5324 only)","103,450"
